{
  "entrypoints": {
    "app": {
      "css": [
        "/app.8a77f38a.css",
        "/app.8a77f38a.rtl.css"
      ],
      "js": [
        "/app.00a7b690.js"
      ]
    },
    "form": {
      "js": [
        "/form.5e2c4e01.js"
      ]
    },
    "page-layout": {
      "js": [
        "/page-layout.3347892e.js"
      ]
    },
    "page-color-scheme": {
      "js": [
        "/page-color-scheme.f25113a4.js"
      ]
    },
    "field-boolean": {
      "js": [
        "/field-boolean.353e173e.js"
      ]
    },
    "field-code-editor": {
      "css": [
        "/field-code-editor.09574d54.css",
        "/field-code-editor.09574d54.rtl.css"
      ],
      "js": [
        "/field-code-editor.6507533d.js"
      ]
    },
    "field-collection": {
      "js": [
        "/field-collection.8ea41328.js"
      ]
    },
    "field-file-upload": {
      "js": [
        "/field-file-upload.b5f460d6.js"
      ]
    },
    "field-image": {
      "js": [
        "/field-image.b7b44654.js"
      ]
    },
    "field-slug": {
      "js": [
        "/field-slug.0af8dc08.js"
      ]
    },
    "field-textarea": {
      "js": [
        "/field-textarea.663dbf0a.js"
      ]
    },
    "field-text-editor": {
      "css": [
        "/field-text-editor.7f2b8426.css",
        "/field-text-editor.7f2b8426.rtl.css"
      ],
      "js": [
        "/field-text-editor.722b7f0e.js"
      ]
    },
    "login": {
      "js": [
        "/login.7259f5de.js"
      ]
    }
  }
}